Date,Temp_C,Wave_Height_m,Wind_Speed_kmh
2026-07-06,18.42,5.42,24.55
2026-07-07,17.29,1.83,13.07
2026-07-08,18.41,4.09,19.43
2026-07-09,16.68,2.0,23.38
2026-07-10,18.55,3.52,33.1
2026-07-11,13.02,5.26,42.14
2026-07-12,14.09,3.09,45.68
2026-07-13,14.27,4.5,34.31
2026-07-14,13.68,4.29,45.24
2026-07-15,17.69,1.07,42.17
2026-07-16,14.23,5.17,21.12
2026-07-17,17.05,2.54,20.33
2026-07-18,18.42,4.68,14.35
2026-07-19,15.09,3.73,14.56
2026-07-20,16.94,5.27,46.82
2026-07-21,16.77,3.68,11.63
2026-07-22,17.21,5.5,14.66
2026-07-23,16.77,3.68,26.39
2026-07-24,14.04,4.69,19.5
2026-07-25,17.47,3.08,34.82
2026-07-26,18.46,4.3,48.12
2026-07-27,19.17,4.35,22.8
2026-07-28,13.51,3.4,27.98
2026-07-29,13.89,5.17,12.99
2026-07-30,15.86,4.76,48.11
2026-07-31,17.84,1.66,31.68
2026-08-01,15.55,2.69,36.68
2026-08-02,14.95,3.96,49.42
2026-08-03,17.98,5.01,19.42
2026-08-04,14.75,1.14,48.64
2026-08-05,14.36,2.59,38.45
2026-08-06,13.88,5.39,38.22
2026-08-07,14.84,1.33,23.69
2026-08-08,14.45,3.79,33.64
2026-08-09,15.89,2.73,46.22
2026-08-10,16.52,1.06,32.51
2026-08-11,16.06,1.25,46.6
2026-08-12,19.24,2.75,45.39
2026-08-13,15.62,5.04,36.88
2026-08-14,17.14,1.78,12.1
2026-08-15,16.77,4.81,17.47
2026-08-16,16.43,3.56,27.04
2026-08-17,16.24,4.36,43.81
2026-08-18,18.53,1.07,24.83
2026-08-19,16.95,2.81,25.47
2026-08-20,17.09,4.63,43.33
2026-08-21,13.74,4.87,47.29
2026-08-22,20.47,3.5,25.08
2026-08-23,15.88,2.42,13.06
2026-08-24,16.69,5.26,31.4
2026-08-25,18.15,4.67,20.08
2026-08-26,17.31,1.76,20.9
2026-08-27,14.01,4.68,47.64
2026-08-28,15.07,5.1,31.57
2026-08-29,16.6,2.15,12.41
2026-08-30,16.52,4.72,34.77
2026-08-31,15.58,4.66,10.52
2026-09-01,14.58,1.54,35.62
2026-09-02,15.67,4.5,19.97
2026-09-03,20.49,4.24,41.08
2026-09-04,15.21,5.39,49.47
2026-09-05,13.5,3.05,27.03
2026-09-06,14.33,5.07,47.4
2026-09-07,16.36,5.39,27.7
2026-09-08,18.93,4.47,11.16
2026-09-09,17.62,3.91,30.49
2026-09-10,16.33,1.87,15.08
2026-09-11,16.4,1.06,41.08
2026-09-12,17.22,2.52,19.48
2026-09-13,16.12,3.97,21.64
2026-09-14,17.35,4.83,18.06
2026-09-15,20.01,3.64,17.5
2026-09-16,15.57,3.15,29.31
2026-09-17,14.02,1.55,30.92
2026-09-18,17.32,4.69,38.99
2026-09-19,13.69,3.31,49.15
2026-09-20,16.33,4.39,47.17
2026-09-21,14.64,1.21,25.2
2026-09-22,16.46,1.4,18.01
2026-09-23,15.59,5.24,43.51
2026-09-24,19.03,1.49,15.13
2026-09-25,17.92,1.52,38.32
2026-09-26,17.24,4.3,15.34
2026-09-27,16.62,4.33,42.62
2026-09-28,18.57,2.75,24.54
2026-09-29,16.98,3.73,49.96
2026-09-30,17.91,2.7,47.66
2026-10-01,14.64,1.84,29.56
2026-10-02,14.95,3.3,25.88
2026-10-03,14.6,3.95,13.1
